#Top: zynq_soc_wrapper   Floorplan: impl_1   Part: xc7z020clg484-1
#Generated by: Sakinder   on: Tue May 09 22:33:06 2017
#Build: Vivado v2016.3_sdx   by: xbuild   on: Tue Nov 29 22:12:44 MST 2016

IO Bank,Pin Number,Site,Site Type,Min Trace Delay (ps),Max Trace Delay (ps),Prohibit,Interface,Signal Name,Direction,DiffPair Type,DiffPair Signal,IO Standard,Drive (mA),Slew Rate,OUTPUT_IMPEDANCE,PRE_EMPHASIS,LVDS_PRE_EMPHASIS,Pull Type,DQS_BIAS,IN_TERM,DIFF_TERM,OFFCHIP_TERM,Board Signal,Board Voltage
502,V2,IOPAD_X1Y71,PS_DDR_DQS_P3_502,109.886,110.990,,DDR_60105,DDR_dqs_p[3],INOUT,,,DIFF_SSTL15_T_DCI,,FAST,,,,,,,,FP_VTT_50,,
502,N2,IOPAD_X1Y70,PS_DDR_DQS_P2_502,66.369,67.036,,DDR_60105,DDR_dqs_p[2],INOUT,,,DIFF_SSTL15_T_DCI,,FAST,,,,,,,,FP_VTT_50,,
502,H2,IOPAD_X1Y69,PS_DDR_DQS_P1_502,69.456,70.154,,DDR_60105,DDR_dqs_p[1],INOUT,,,DIFF_SSTL15_T_DCI,,FAST,,,,,,,,FP_VTT_50,,
502,C2,IOPAD_X1Y68,PS_DDR_DQS_P0_502,68.926,69.618,,DDR_60105,DDR_dqs_p[0],INOUT,,,DIFF_SSTL15_T_DCI,,FAST,,,,,,,,FP_VTT_50,,
502,W2,IOPAD_X1Y67,PS_DDR_DQS_N3_502,106.487,107.557,,DDR_60105,DDR_dqs_n[3],INOUT,,,DIFF_SSTL15_T_DCI,,FAST,,,,,,,,FP_VTT_50,,
502,P2,IOPAD_X1Y66,PS_DDR_DQS_N2_502,66.550,67.219,,DDR_60105,DDR_dqs_n[2],INOUT,,,DIFF_SSTL15_T_DCI,,FAST,,,,,,,,FP_VTT_50,,
502,J2,IOPAD_X1Y65,PS_DDR_DQS_N1_502,71.992,72.716,,DDR_60105,DDR_dqs_n[1],INOUT,,,DIFF_SSTL15_T_DCI,,FAST,,,,,,,,FP_VTT_50,,
502,D2,IOPAD_X1Y64,PS_DDR_DQS_N0_502,67.327,68.004,,DDR_60105,DDR_dqs_n[0],INOUT,,,DIFF_SSTL15_T_DCI,,FAST,,,,,,,,FP_VTT_50,,
502,Y1,IOPAD_X1Y63,PS_DDR_DQ31_502,97.277,98.254,,DDR_60105,DDR_dq[31],INOUT,,,SSTL15_T_DCI,,FAST,,,,,,,,FP_VTT_50,,
502,W3,IOPAD_X1Y62,PS_DDR_DQ30_502,120.173,121.381,,DDR_60105,DDR_dq[30],INOUT,,,SSTL15_T_DCI,,FAST,,,,,,,,FP_VTT_50,,
502,Y3,IOPAD_X1Y61,PS_DDR_DQ29_502,119.999,121.205,,DDR_60105,DDR_dq[29],INOUT,,,SSTL15_T_DCI,,FAST,,,,,,,,FP_VTT_50,,
502,W1,IOPAD_X1Y60,PS_DDR_DQ28_502,99.213,100.210,,DDR_60105,DDR_dq[28],INOUT,,,SSTL15_T_DCI,,FAST,,,,,,,,FP_VTT_50,,
502,U2,IOPAD_X1Y59,PS_DDR_DQ27_502,91.233,92.150,,DDR_60105,DDR_dq[27],INOUT,,,SSTL15_T_DCI,,FAST,,,,,,,,FP_VTT_50,,
502,AA1,IOPAD_X1Y58,PS_DDR_DQ26_502,89.598,90.499,,DDR_60105,DDR_dq[26],INOUT,,,SSTL15_T_DCI,,FAST,,,,,,,,FP_VTT_50,,
502,U1,IOPAD_X1Y57,PS_DDR_DQ25_502,93.897,94.841,,DDR_60105,DDR_dq[25],INOUT,,,SSTL15_T_DCI,,FAST,,,,,,,,FP_VTT_50,,
502,AA3,IOPAD_X1Y56,PS_DDR_DQ24_502,117.686,118.868,,DDR_60105,DDR_dq[24],INOUT,,,SSTL15_T_DCI,,FAST,,,,,,,,FP_VTT_50,,
502,R1,IOPAD_X1Y55,PS_DDR_DQ23_502,66.710,67.380,,DDR_60105,DDR_dq[23],INOUT,,,SSTL15_T_DCI,,FAST,,,,,,,,FP_VTT_50,,
502,M2,IOPAD_X1Y54,PS_DDR_DQ22_502,51.956,52.478,,DDR_60105,DDR_dq[22],INOUT,,,SSTL15_T_DCI,,FAST,,,,,,,,FP_VTT_50,,
502,T2,IOPAD_X1Y53,PS_DDR_DQ21_502,83.125,83.960,,DDR_60105,DDR_dq[21],INOUT,,,SSTL15_T_DCI,,FAST,,,,,,,,FP_VTT_50,,
502,R3,IOPAD_X1Y52,PS_DDR_DQ20_502,55.336,55.892,,DDR_60105,DDR_dq[20],INOUT,,,SSTL15_T_DCI,,FAST,,,,,,,,FP_VTT_50,,
502,T1,IOPAD_X1Y51,PS_DDR_DQ19_502,79.038,79.833,,DDR_60105,DDR_dq[19],INOUT,,,SSTL15_T_DCI,,FAST,,,,,,,,FP_VTT_50,,
502,N3,IOPAD_X1Y50,PS_DDR_DQ18_502,51.750,52.270,,DDR_60105,DDR_dq[18],INOUT,,,SSTL15_T_DCI,,FAST,,,,,,,,FP_VTT_50,,
502,T3,IOPAD_X1Y49,PS_DDR_DQ17_502,84.323,85.170,,DDR_60105,DDR_dq[17],INOUT,,,SSTL15_T_DCI,,FAST,,,,,,,,FP_VTT_50,,
502,M1,IOPAD_X1Y48,PS_DDR_DQ16_502,62.192,62.817,,DDR_60105,DDR_dq[16],INOUT,,,SSTL15_T_DCI,,FAST,,,,,,,,FP_VTT_50,,
502,K3,IOPAD_X1Y47,PS_DDR_DQ15_502,67.041,67.715,,DDR_60105,DDR_dq[15],INOUT,,,SSTL15_T_DCI,,FAST,,,,,,,,FP_VTT_50,,
502,J1,IOPAD_X1Y46,PS_DDR_DQ14_502,51.589,52.108,,DDR_60105,DDR_dq[14],INOUT,,,SSTL15_T_DCI,,FAST,,,,,,,,FP_VTT_50,,
502,K1,IOPAD_X1Y45,PS_DDR_DQ13_502,59.175,59.770,,DDR_60105,DDR_dq[13],INOUT,,,SSTL15_T_DCI,,FAST,,,,,,,,FP_VTT_50,,
502,L3,IOPAD_X1Y44,PS_DDR_DQ12_502,63.803,64.444,,DDR_60105,DDR_dq[12],INOUT,,,SSTL15_T_DCI,,FAST,,,,,,,,FP_VTT_50,,
502,L2,IOPAD_X1Y43,PS_DDR_DQ11_502,71.260,71.976,,DDR_60105,DDR_dq[11],INOUT,,,SSTL15_T_DCI,,FAST,,,,,,,,FP_VTT_50,,
502,L1,IOPAD_X1Y42,PS_DDR_DQ10_502,75.029,75.783,,DDR_60105,DDR_dq[10],INOUT,,,SSTL15_T_DCI,,FAST,,,,,,,,FP_VTT_50,,
502,G1,IOPAD_X1Y41,PS_DDR_DQ9_502,56.932,57.504,,DDR_60105,DDR_dq[9],INOUT,,,SSTL15_T_DCI,,FAST,,,,,,,,FP_VTT_50,,
502,G2,IOPAD_X1Y40,PS_DDR_DQ8_502,59.383,59.979,,DDR_60105,DDR_dq[8],INOUT,,,SSTL15_T_DCI,,FAST,,,,,,,,FP_VTT_50,,
502,F1,IOPAD_X1Y39,PS_DDR_DQ7_502,57.903,58.485,,DDR_60105,DDR_dq[7],INOUT,,,SSTL15_T_DCI,,FAST,,,,,,,,FP_VTT_50,,
502,F2,IOPAD_X1Y38,PS_DDR_DQ6_502,56.463,57.030,,DDR_60105,DDR_dq[6],INOUT,,,SSTL15_T_DCI,,FAST,,,,,,,,FP_VTT_50,,
502,E1,IOPAD_X1Y37,PS_DDR_DQ5_502,64.024,64.667,,DDR_60105,DDR_dq[5],INOUT,,,SSTL15_T_DCI,,FAST,,,,,,,,FP_VTT_50,,
502,E3,IOPAD_X1Y36,PS_DDR_DQ4_502,71.163,71.878,,DDR_60105,DDR_dq[4],INOUT,,,SSTL15_T_DCI,,FAST,,,,,,,,FP_VTT_50,,
502,D3,IOPAD_X1Y35,PS_DDR_DQ3_502,59.300,59.896,,DDR_60105,DDR_dq[3],INOUT,,,SSTL15_T_DCI,,FAST,,,,,,,,FP_VTT_50,,
502,B2,IOPAD_X1Y34,PS_DDR_DQ2_502,67.272,67.949,,DDR_60105,DDR_dq[2],INOUT,,,SSTL15_T_DCI,,FAST,,,,,,,,FP_VTT_50,,
502,C3,IOPAD_X1Y33,PS_DDR_DQ1_502,67.741,68.422,,DDR_60105,DDR_dq[1],INOUT,,,SSTL15_T_DCI,,FAST,,,,,,,,FP_VTT_50,,
502,D1,IOPAD_X1Y32,PS_DDR_DQ0_502,65.363,66.020,,DDR_60105,DDR_dq[0],INOUT,,,SSTL15_T_DCI,,FAST,,,,,,,,FP_VTT_50,,
502,AA2,IOPAD_X1Y31,PS_DDR_DM3_502,90.550,91.460,,DDR_60105,DDR_dm[3],INOUT,,,SSTL15_T_DCI,,FAST,,,,,,,,FP_VTT_50,,
502,P1,IOPAD_X1Y30,PS_DDR_DM2_502,64.518,65.167,,DDR_60105,DDR_dm[2],INOUT,,,SSTL15_T_DCI,,FAST,,,,,,,,FP_VTT_50,,
502,H3,IOPAD_X1Y29,PS_DDR_DM1_502,58.793,59.384,,DDR_60105,DDR_dm[1],INOUT,,,SSTL15_T_DCI,,FAST,,,,,,,,FP_VTT_50,,
502,B1,IOPAD_X1Y28,PS_DDR_DM0_502,74.037,74.781,,DDR_60105,DDR_dm[0],INOUT,,,SSTL15_T_DCI,,FAST,,,,,,,,FP_VTT_50,,
502,M6,IOPAD_X1Y21,PS_DDR_BA2_502,50.935,51.447,,DDR_60105,DDR_ba[2],INOUT,,,SSTL15,,SLOW,,,,,,,,FP_VTT_50,,
502,L6,IOPAD_X1Y20,PS_DDR_BA1_502,60.452,61.059,,DDR_60105,DDR_ba[1],INOUT,,,SSTL15,,SLOW,,,,,,,,FP_VTT_50,,
502,L7,IOPAD_X1Y19,PS_DDR_BA0_502,49.068,49.561,,DDR_60105,DDR_ba[0],INOUT,,,SSTL15,,SLOW,,,,,,,,FP_VTT_50,,
502,G4,IOPAD_X1Y17,PS_DDR_A14_502,58.236,58.822,,DDR_60105,DDR_addr[14],INOUT,,,SSTL15,,SLOW,,,,,,,,FP_VTT_50,,
502,F4,IOPAD_X1Y18,PS_DDR_A13_502,70.850,71.562,,DDR_60105,DDR_addr[13],INOUT,,,SSTL15,,SLOW,,,,,,,,FP_VTT_50,,
502,H4,IOPAD_X1Y16,PS_DDR_A12_502,51.003,51.516,,DDR_60105,DDR_addr[12],INOUT,,,SSTL15,,SLOW,,,,,,,,FP_VTT_50,,
502,G5,IOPAD_X1Y15,PS_DDR_A11_502,51.905,52.427,,DDR_60105,DDR_addr[11],INOUT,,,SSTL15,,SLOW,,,,,,,,FP_VTT_50,,
502,J3,IOPAD_X1Y14,PS_DDR_A10_502,43.620,44.058,,DDR_60105,DDR_addr[10],INOUT,,,SSTL15,,SLOW,,,,,,,,FP_VTT_50,,
502,H5,IOPAD_X1Y13,PS_DDR_A9_502,53.411,53.947,,DDR_60105,DDR_addr[9],INOUT,,,SSTL15,,SLOW,,,,,,,,FP_VTT_50,,
502,J5,IOPAD_X1Y12,PS_DDR_A8_502,50.285,50.790,,DDR_60105,DDR_addr[8],INOUT,,,SSTL15,,SLOW,,,,,,,,FP_VTT_50,,
502,J6,IOPAD_X1Y11,PS_DDR_A7_502,45.280,45.735,,DDR_60105,DDR_addr[7],INOUT,,,SSTL15,,SLOW,,,,,,,,FP_VTT_50,,
502,J7,IOPAD_X1Y10,PS_DDR_A6_502,50.294,50.799,,DDR_60105,DDR_addr[6],INOUT,,,SSTL15,,SLOW,,,,,,,,FP_VTT_50,,
502,K5,IOPAD_X1Y9,PS_DDR_A5_502,48.188,48.673,,DDR_60105,DDR_addr[5],INOUT,,,SSTL15,,SLOW,,,,,,,,FP_VTT_50,,
502,K6,IOPAD_X1Y8,PS_DDR_A4_502,58.870,59.462,,DDR_60105,DDR_addr[4],INOUT,,,SSTL15,,SLOW,,,,,,,,FP_VTT_50,,
502,L4,IOPAD_X1Y7,PS_DDR_A3_502,42.898,43.329,,DDR_60105,DDR_addr[3],INOUT,,,SSTL15,,SLOW,,,,,,,,FP_VTT_50,,
502,K4,IOPAD_X1Y6,PS_DDR_A2_502,42.061,42.484,,DDR_60105,DDR_addr[2],INOUT,,,SSTL15,,SLOW,,,,,,,,FP_VTT_50,,
502,M5,IOPAD_X1Y5,PS_DDR_A1_502,46.895,47.366,,DDR_60105,DDR_addr[1],INOUT,,,SSTL15,,SLOW,,,,,,,,FP_VTT_50,,
502,M4,IOPAD_X1Y4,PS_DDR_A0_502,44.461,44.908,,DDR_60105,DDR_addr[0],INOUT,,,SSTL15,,SLOW,,,,,,,,FP_VTT_50,,
502,P3,IOPAD_X1Y22,PS_DDR_CAS_B_502,49.606,50.104,,DDR_60105,DDR_cas_n,INOUT,,,SSTL15,,SLOW,,,,,,,,FP_VTT_50,,
502,N5,IOPAD_X1Y24,PS_DDR_CKN_502,59.340,59.936,,DDR_60105,DDR_ck_n,INOUT,,,DIFF_SSTL15,,FAST,,,,,,,,FP_VTT_50,,
502,N4,IOPAD_X1Y25,PS_DDR_CKP_502,62.216,62.841,,DDR_60105,DDR_ck_p,INOUT,,,DIFF_SSTL15,,FAST,,,,,,,,FP_VTT_50,,
502,V3,IOPAD_X1Y23,PS_DDR_CKE_502,122.913,124.149,,DDR_60105,DDR_cke,INOUT,,,SSTL15,,SLOW,,,,,,,,FP_VTT_50,,
502,P6,IOPAD_X1Y27,PS_DDR_CS_B_502,80.877,81.690,,DDR_60105,DDR_cs_n,INOUT,,,SSTL15,,SLOW,,,,,,,,FP_VTT_50,,
502,P5,IOPAD_X1Y131,PS_DDR_ODT_502,64.592,65.241,,DDR_60105,DDR_odt,INOUT,,,SSTL15,,SLOW,,,,,,,,FP_VTT_50,,
502,R5,IOPAD_X1Y133,PS_DDR_RAS_B_502,81.806,82.628,,DDR_60105,DDR_ras_n,INOUT,,,SSTL15,,SLOW,,,,,,,,FP_VTT_50,,
502,F3,IOPAD_X1Y72,PS_DDR_DRST_B_502,35.933,36.294,,DDR_60105,DDR_reset_n,INOUT,,,SSTL15,,FAST,,,,,,,,FP_VTT_50,,
502,R4,IOPAD_X1Y1,PS_DDR_WE_B_502,107.729,108.811,,DDR_60105,DDR_we_n,INOUT,,,SSTL15,,SLOW,,,,,,,,FP_VTT_50,,
501,C12,IOPAD_X1Y130,PS_MIO53_501,46.065,46.528,,FIXED_IO_60105,FIXED_IO_mio[53],INOUT,,,LVCMOS18,8,SLOW,,,,,,,,NONE,,
501,D10,IOPAD_X1Y129,PS_MIO52_501,34.642,34.990,,FIXED_IO_60105,FIXED_IO_mio[52],INOUT,,,LVCMOS18,8,SLOW,,,,,,,,NONE,,
501,C10,IOPAD_X1Y128,PS_MIO51_501,40.853,41.264,,FIXED_IO_60105,FIXED_IO_mio[51],INOUT,,,LVCMOS18,8,SLOW,,,,,,,,NONE,,
501,D13,IOPAD_X1Y127,PS_MIO50_501,62.403,63.030,,FIXED_IO_60105,FIXED_IO_mio[50],INOUT,,,LVCMOS18,8,SLOW,,,,,,,,NONE,,
501,C14,IOPAD_X1Y126,PS_MIO49_501,73.235,73.971,,FIXED_IO_60105,FIXED_IO_mio[49],INOUT,,,LVCMOS18,8,SLOW,,,,,,,,NONE,,
501,D11,IOPAD_X1Y125,PS_MIO48_501,52.108,52.632,,FIXED_IO_60105,FIXED_IO_mio[48],INOUT,,,LVCMOS18,8,SLOW,,,,,,,,NONE,,
501,B10,IOPAD_X1Y124,PS_MIO47_501,51.363,51.879,,FIXED_IO_60105,FIXED_IO_mio[47],INOUT,,,LVCMOS18,8,SLOW,,,,,,,,NONE,,
501,D12,IOPAD_X1Y123,PS_MIO46_501,71.814,72.536,,FIXED_IO_60105,FIXED_IO_mio[46],INOUT,,,LVCMOS18,8,SLOW,,,,,,,,NONE,,
501,B9,IOPAD_X1Y122,PS_MIO45_501,48.047,48.529,,FIXED_IO_60105,FIXED_IO_mio[45],INOUT,,,LVCMOS18,8,FAST,,,,,,,,NONE,,
501,E13,IOPAD_X1Y121,PS_MIO44_501,59.260,59.856,,FIXED_IO_60105,FIXED_IO_mio[44],INOUT,,,LVCMOS18,8,FAST,,,,,,,,NONE,,
501,B11,IOPAD_X1Y120,PS_MIO43_501,68.509,69.198,,FIXED_IO_60105,FIXED_IO_mio[43],INOUT,,,LVCMOS18,8,FAST,,,,,,,,NONE,,
501,D8,IOPAD_X1Y119,PS_MIO42_501,30.247,30.551,,FIXED_IO_60105,FIXED_IO_mio[42],INOUT,,,LVCMOS18,8,FAST,,,,,,,,NONE,,
501,C8,IOPAD_X1Y118,PS_MIO41_501,41.108,41.521,,FIXED_IO_60105,FIXED_IO_mio[41],INOUT,,,LVCMOS18,8,FAST,,,,,,,,NONE,,
501,E14,IOPAD_X1Y117,PS_MIO40_501,117.616,118.798,,FIXED_IO_60105,FIXED_IO_mio[40],INOUT,,,LVCMOS18,8,FAST,,,,,,,,NONE,,
501,C13,IOPAD_X1Y116,PS_MIO39_501,83.672,84.513,,FIXED_IO_60105,FIXED_IO_mio[39],INOUT,,,LVCMOS18,8,FAST,,,,,,,,NONE,,
501,F13,IOPAD_X1Y115,PS_MIO38_501,81.962,82.785,,FIXED_IO_60105,FIXED_IO_mio[38],INOUT,,,LVCMOS18,8,FAST,,,,,,,,NONE,,
501,B14,IOPAD_X1Y114,PS_MIO37_501,90.732,91.643,,FIXED_IO_60105,FIXED_IO_mio[37],INOUT,,,LVCMOS18,8,FAST,,,,,,,,NONE,,
501,A9,IOPAD_X1Y113,PS_MIO36_501,59.306,59.902,,FIXED_IO_60105,FIXED_IO_mio[36],INOUT,,,LVCMOS18,8,FAST,,,,,,,,NONE,,
501,F14,IOPAD_X1Y112,PS_MIO35_501,73.393,74.131,,FIXED_IO_60105,FIXED_IO_mio[35],INOUT,,,LVCMOS18,8,FAST,,,,,,,,NONE,,
501,B12,IOPAD_X1Y111,PS_MIO34_501,80.329,81.136,,FIXED_IO_60105,FIXED_IO_mio[34],INOUT,,,LVCMOS18,8,FAST,,,,,,,,NONE,,
501,G13,IOPAD_X1Y110,PS_MIO33_501,90.163,91.069,,FIXED_IO_60105,FIXED_IO_mio[33],INOUT,,,LVCMOS18,8,FAST,,,,,,,,NONE,,
501,C7,IOPAD_X1Y109,PS_MIO32_501,44.917,45.368,,FIXED_IO_60105,FIXED_IO_mio[32],INOUT,,,LVCMOS18,8,FAST,,,,,,,,NONE,,
501,F9,IOPAD_X1Y108,PS_MIO31_501,42.645,43.074,,FIXED_IO_60105,FIXED_IO_mio[31],INOUT,,,LVCMOS18,8,FAST,,,,,,,,NONE,,
501,A11,IOPAD_X1Y107,PS_MIO30_501,76.241,77.008,,FIXED_IO_60105,FIXED_IO_mio[30],INOUT,,,LVCMOS18,8,FAST,,,,,,,,NONE,,
501,E8,IOPAD_X1Y106,PS_MIO29_501,40.664,41.073,,FIXED_IO_60105,FIXED_IO_mio[29],INOUT,,,LVCMOS18,8,FAST,,,,,,,,NONE,,
501,A12,IOPAD_X1Y105,PS_MIO28_501,88.392,89.281,,FIXED_IO_60105,FIXED_IO_mio[28],INOUT,,,LVCMOS18,8,FAST,,,,,,,,NONE,,
501,D7,IOPAD_X1Y104,PS_MIO27_501,35.575,35.933,,FIXED_IO_60105,FIXED_IO_mio[27],INOUT,,,LVCMOS18,8,FAST,,,,,,,,NONE,,
501,A13,IOPAD_X1Y103,PS_MIO26_501,100.623,101.635,,FIXED_IO_60105,FIXED_IO_mio[26],INOUT,,,LVCMOS18,8,FAST,,,,,,,,NONE,,
501,F12,IOPAD_X1Y102,PS_MIO25_501,66.923,67.596,,FIXED_IO_60105,FIXED_IO_mio[25],INOUT,,,LVCMOS18,8,FAST,,,,,,,,NONE,,
501,B7,IOPAD_X1Y101,PS_MIO24_501,56.467,57.034,,FIXED_IO_60105,FIXED_IO_mio[24],INOUT,,,LVCMOS18,8,FAST,,,,,,,,NONE,,
501,E11,IOPAD_X1Y100,PS_MIO23_501,75.006,75.760,,FIXED_IO_60105,FIXED_IO_mio[23],INOUT,,,LVCMOS18,8,FAST,,,,,,,,NONE,,
501,A14,IOPAD_X1Y99,PS_MIO22_501,116.624,117.796,,FIXED_IO_60105,FIXED_IO_mio[22],INOUT,,,LVCMOS18,8,FAST,,,,,,,,NONE,,
501,F11,IOPAD_X1Y98,PS_MIO21_501,76.807,77.579,,FIXED_IO_60105,FIXED_IO_mio[21],INOUT,,,LVCMOS18,8,FAST,,,,,,,,NONE,,
501,A8,IOPAD_X1Y97,PS_MIO20_501,77.118,77.894,,FIXED_IO_60105,FIXED_IO_mio[20],INOUT,,,LVCMOS18,8,FAST,,,,,,,,NONE,,
501,E10,IOPAD_X1Y96,PS_MIO19_501,61.908,62.530,,FIXED_IO_60105,FIXED_IO_mio[19],INOUT,,,LVCMOS18,8,FAST,,,,,,,,NONE,,
501,A7,IOPAD_X1Y95,PS_MIO18_501,72.389,73.116,,FIXED_IO_60105,FIXED_IO_mio[18],INOUT,,,LVCMOS18,8,FAST,,,,,,,,NONE,,
501,E9,IOPAD_X1Y94,PS_MIO17_501,53.122,53.656,,FIXED_IO_60105,FIXED_IO_mio[17],INOUT,,,LVCMOS18,8,FAST,,,,,,,,NONE,,
501,D6,IOPAD_X1Y93,PS_MIO16_501,44.913,45.364,,FIXED_IO_60105,FIXED_IO_mio[16],INOUT,,,LVCMOS18,8,FAST,,,,,,,,NONE,,
500,E6,IOPAD_X1Y92,PS_MIO15_500,37.050,37.423,,FIXED_IO_60105,FIXED_IO_mio[15],INOUT,,,LVCMOS33,8,SLOW,,,,,,,,NONE,,
500,B6,IOPAD_X1Y91,PS_MIO14_500,56.054,56.617,,FIXED_IO_60105,FIXED_IO_mio[14],INOUT,,,LVCMOS33,8,SLOW,,,,,,,,NONE,,
500,A6,IOPAD_X1Y90,PS_MIO13_500,61.365,61.982,,FIXED_IO_60105,FIXED_IO_mio[13],INOUT,,,LVCMOS33,8,SLOW,,,,,,,,NONE,,
500,C5,IOPAD_X1Y89,PS_MIO12_500,54.772,55.322,,FIXED_IO_60105,FIXED_IO_mio[12],INOUT,,,LVCMOS33,8,SLOW,,,,,,,,NONE,,
500,B4,IOPAD_X1Y88,PS_MIO11_500,56.409,56.976,,FIXED_IO_60105,FIXED_IO_mio[11],INOUT,,,LVCMOS33,8,SLOW,,,,,,,,NONE,,
500,G7,IOPAD_X1Y87,PS_MIO10_500,30.833,31.143,,FIXED_IO_60105,FIXED_IO_mio[10],INOUT,,,LVCMOS33,8,SLOW,,,,,,,,NONE,,
500,C4,IOPAD_X1Y86,PS_MIO9_500,48.429,48.916,,FIXED_IO_60105,FIXED_IO_mio[9],INOUT,,,LVCMOS33,8,SLOW,,,,,,,,NONE,,
500,E5,IOPAD_X1Y85,PS_MIO8_500,34.958,35.309,,FIXED_IO_60105,FIXED_IO_mio[8],INOUT,,,LVCMOS33,8,FAST,,,,,,,,NONE,,
500,D5,IOPAD_X1Y84,PS_MIO7_500,50.613,51.121,,FIXED_IO_60105,FIXED_IO_mio[7],INOUT,,,LVCMOS33,8,SLOW,,,,,,,,NONE,,
500,A4,IOPAD_X1Y83,PS_MIO6_500,72.238,72.964,,FIXED_IO_60105,FIXED_IO_mio[6],INOUT,,,LVCMOS33,8,FAST,,,,,,,,NONE,,
500,A3,IOPAD_X1Y82,PS_MIO5_500,71.334,72.051,,FIXED_IO_60105,FIXED_IO_mio[5],INOUT,,,LVCMOS33,8,FAST,,,,,,,,NONE,,
500,E4,IOPAD_X1Y81,PS_MIO4_500,37.436,37.812,,FIXED_IO_60105,FIXED_IO_mio[4],INOUT,,,LVCMOS33,8,FAST,,,,,,,,NONE,,
500,F6,IOPAD_X1Y80,PS_MIO3_500,43.990,44.433,,FIXED_IO_60105,FIXED_IO_mio[3],INOUT,,,LVCMOS33,8,FAST,,,,,,,,NONE,,
500,A2,IOPAD_X1Y79,PS_MIO2_500,72.497,73.225,,FIXED_IO_60105,FIXED_IO_mio[2],INOUT,,,LVCMOS33,8,FAST,,,,,,,,NONE,,
500,A1,IOPAD_X1Y78,PS_MIO1_500,81.403,82.221,,FIXED_IO_60105,FIXED_IO_mio[1],INOUT,,,LVCMOS33,8,FAST,,,,,,,,NONE,,
500,G6,IOPAD_X1Y77,PS_MIO0_500,36.839,37.209,,FIXED_IO_60105,FIXED_IO_mio[0],INOUT,,,LVCMOS33,8,SLOW,,,,,,,,NONE,,
502,M7,IOPAD_X1Y2,PS_DDR_VRN_502,71.535,72.254,,FIXED_IO_60105,FIXED_IO_ddr_vrn,INOUT,,,SSTL15_T_DCI,,FAST,,,,,,,,FP_VTT_50,,
502,N7,IOPAD_X1Y3,PS_DDR_VRP_502,79.316,80.113,,FIXED_IO_60105,FIXED_IO_ddr_vrp,INOUT,,,SSTL15_T_DCI,,FAST,,,,,,,,FP_VTT_50,,
500,F7,IOPAD_X1Y26,PS_CLK_500,39.083,39.476,,FIXED_IO_60105,FIXED_IO_ps_clk,INOUT,,,LVCMOS33,12,FAST,,,,,,,,FP_VTT_50,,
500,B5,IOPAD_X1Y132,PS_POR_B_500,50.434,50.941,,FIXED_IO_60105,FIXED_IO_ps_porb,INOUT,,,LVCMOS33,12,FAST,,,,,,,,FP_VTT_50,,
501,C9,IOPAD_X1Y134,PS_SRST_B_501,44.891,45.342,,FIXED_IO_60105,FIXED_IO_ps_srstb,INOUT,,,LVCMOS18,12,FAST,,,,,,,,FP_VTT_50,,
34,M15,IOB_X1Y88,IO_L6P_T0_34,66.368,67.036,,GPIO_24754,sws_8bits_tri_i[7],IN,,,LVCMOS25,,,,,,,,,,,,
35,H17,IOB_X1Y149,IO_0_35,49.819,50.320,,GPIO_24754,sws_8bits_tri_i[6],IN,,,LVCMOS25,,,,,,,,,,,,
35,H18,IOB_X1Y100,IO_25_35,44.988,45.440,,GPIO_24754,sws_8bits_tri_i[5],IN,,,LVCMOS25,,,,,,,,,,,,
35,H19,IOB_X1Y112,IO_L19P_T3_35,29.592,29.889,,GPIO_24754,sws_8bits_tri_i[4],IN,,,LVCMOS25,,,,,,,,,,,,
35,F21,IOB_X1Y104,IO_L23P_T3_35,99.301,100.299,,GPIO_24754,sws_8bits_tri_i[3],IN,,,LVCMOS25,,,,,,,,,,,,
35,H22,IOB_X1Y102,IO_L24P_T3_AD15P_35,51.574,52.092,,GPIO_24754,sws_8bits_tri_i[2],IN,,,LVCMOS25,,,,,,,,,,,,
35,G22,IOB_X1Y101,IO_L24N_T3_AD15N_35,64.863,65.515,,GPIO_24754,sws_8bits_tri_i[1],IN,,,LVCMOS25,,,,,,,,,,,,
35,F22,IOB_X1Y103,IO_L23N_T3_35,82.070,82.895,,GPIO_24754,sws_8bits_tri_i[0],IN,,,LVCMOS25,,,,,,,,,,,,
34,T18,IOB_X1Y53,IO_L23N_T3_34,64.984,65.637,,GPIO_58719,btns_5bits_tri_i[4],IN,,,LVCMOS25,,,,,,,,,,,,
34,R18,IOB_X1Y54,IO_L23P_T3_34,54.960,55.513,,GPIO_58719,btns_5bits_tri_i[3],IN,,,LVCMOS25,,,,,,,,,,,,
34,N15,IOB_X1Y62,IO_L19P_T3_34,85.992,86.856,,GPIO_58719,btns_5bits_tri_i[2],IN,,,LVCMOS25,,,,,,,,,,,,
34,R16,IOB_X1Y51,IO_L24N_T3_34,68.227,68.913,,GPIO_58719,btns_5bits_tri_i[1],IN,,,LVCMOS25,,,,,,,,,,,,
34,P16,IOB_X1Y52,IO_L24P_T3_34,43.700,44.140,,GPIO_58719,btns_5bits_tri_i[0],IN,,,LVCMOS25,,,,,,,,,,,,
33,U14,IOB_X1Y0,IO_25_33,42.799,43.229,,GPIO_53430,leds_8bits_tri_o[7],OUT,,,LVCMOS33,12,SLOW,,,,,,,,FP_VTT_50,,
33,U19,IOB_X1Y49,IO_0_33,53.056,53.590,,GPIO_53430,leds_8bits_tri_o[6],OUT,,,LVCMOS33,12,SLOW,,,,,,,,FP_VTT_50,,
33,W22,IOB_X1Y43,IO_L3N_T0_DQS_33,71.653,72.373,,GPIO_53430,leds_8bits_tri_o[5],OUT,,,LVCMOS33,12,SLOW,,,,,,,,FP_VTT_50,,
33,V22,IOB_X1Y44,IO_L3P_T0_DQS_33,77.370,78.147,,GPIO_53430,leds_8bits_tri_o[4],OUT,,,LVCMOS33,12,SLOW,,,,,,,,FP_VTT_50,,
33,U21,IOB_X1Y47,IO_L1N_T0_33,70.405,71.113,,GPIO_53430,leds_8bits_tri_o[3],OUT,,,LVCMOS33,12,SLOW,,,,,,,,FP_VTT_50,,
33,U22,IOB_X1Y45,IO_L2N_T0_33,71.675,72.395,,GPIO_53430,leds_8bits_tri_o[2],OUT,,,LVCMOS33,12,SLOW,,,,,,,,FP_VTT_50,,
33,T21,IOB_X1Y48,IO_L1P_T0_33,54.428,54.975,,GPIO_53430,leds_8bits_tri_o[1],OUT,,,LVCMOS33,12,SLOW,,,,,,,,FP_VTT_50,,
33,T22,IOB_X1Y46,IO_L2P_T0_33,63.022,63.655,,GPIO_53430,leds_8bits_tri_o[0],OUT,,,LVCMOS33,12,SLOW,,,,,,,,FP_VTT_50,,
0,M12,IPAD_X0Y1,VN_0,85.400,86.258,,,,,,,,,,,,,,,,,,,
0,L11,IPAD_X0Y0,VP_0,76.941,77.715,,,,,,,,,,,,,,,,,,,
0,T12,,DONE_0,26.397,26.662,,,,,,,,,,,,,,,,,,,
0,N11,,DXP_0,95.690,96.651,,,,,,,,,,,,,,,,,,,
0,K12,,GNDADC_0,,,,,,,,,,,,,,,,,,,,,
0,K11,,VCCADC_0,,,,,,,,,,,,,,,,,,,,,
0,M11,,VREFP_0,104.897,105.951,,,,,,,,,,,,,,,,,,,
0,G9,,VCCBATT_0,,,,,,,,,,,,,,,,,,,,,
0,G11,,TCK_0,43.917,44.359,,,,,,,,,,,,,,,,,,,
0,N12,,DXN_0,100.096,101.102,,,,,,,,,,,,,,,,,,,
0,L12,,VREFN_0,104.717,105.769,,,,,,,,,,,,,,,,,,,
0,T14,,INIT_B_0,55.787,56.347,,,,,,,,,,,,,,,,,,,
0,H13,,TDI_0,116.500,117.670,,,,,,,,,,,,,,,,,,,
0,G14,,TDO_0,124.440,125.690,,,,,,,,,,,,,,,,,,,
0,T13,,CFGBVS_0,28.151,28.434,,,,,,,,,,,,,,,,,,CFGBVS_0,
0,T11,,PROGRAM_B_0,47.213,47.687,,,,,,,,,,,,,,,,,,,
0,G12,,TMS_0,113.157,114.295,,,,,,,,,,,,,,,,,,,
0,R12,,VCCO_0,,,,,,,,,,,,,,,,,,,,VCCO_0,
13,R7,IOB_X0Y49,IO_0_13,41.026,41.438,,,,,,,,,,,,,,,,,,,
13,V10,IOB_X0Y48,IO_L1P_T0_13,93.976,94.920,,,,,,,,,,,,,,,,,,,
13,V9,IOB_X0Y47,IO_L1N_T0_13,81.674,82.495,,,,,,,,,,,,,,,,,,,
13,V8,IOB_X0Y46,IO_L2P_T0_13,177.617,179.403,,,,,,,,,,,,,,,,,,,
13,W8,IOB_X0Y45,IO_L2N_T0_13,177.089,178.869,,,,,,,,,,,,,,,,,,,
13,W11,IOB_X0Y44,IO_L3P_T0_DQS_13,199.183,201.185,,,,,,,,,,,,,,,,,,,
13,W10,IOB_X0Y43,IO_L3N_T0_DQS_13,195.546,197.512,,,,,,,,,,,,,,,,,,,
13,V12,IOB_X0Y42,IO_L4P_T0_13,269.355,272.063,,,,,,,,,,,,,,,,,,,
13,W12,IOB_X0Y41,IO_L4N_T0_13,264.993,267.657,,,,,,,,,,,,,,,,,,,
13,U12,IOB_X0Y40,IO_L5P_T0_13,210.804,212.922,,,,,,,,,,,,,,,,,,,
13,U11,IOB_X0Y39,IO_L5N_T0_13,217.940,220.130,,,,,,,,,,,,,,,,,,,
13,U10,IOB_X0Y38,IO_L6P_T0_13,79.947,80.750,,,,,,,,,,,,,,,,,,,
13,U9,IOB_X0Y37,IO_L6N_T0_VREF_13,63.491,64.129,,,,,,,,,,,,,,,,,,,
13,AA12,IOB_X0Y36,IO_L7P_T1_13,146.591,148.065,,,,,,,,,,,,,,,,,,,
13,AB12,IOB_X0Y35,IO_L7N_T1_13,138.848,140.244,,,,,,,,,,,,,,,,,,,
13,AA11,IOB_X0Y34,IO_L8P_T1_13,155.208,156.768,,,,,,,,,,,,,,,,,,,
13,AB11,IOB_X0Y33,IO_L8N_T1_13,159.531,161.135,,,,,,,,,,,,,,,,,,,
13,AB10,IOB_X0Y32,IO_L9P_T1_DQS_13,137.675,139.059,,,,,,,,,,,,,,,,,,,
13,AB9,IOB_X0Y31,IO_L9N_T1_DQS_13,112.151,113.279,,,,,,,,,,,,,,,,,,,
13,Y11,IOB_X0Y30,IO_L10P_T1_13,141.942,143.368,,,,,,,,,,,,,,,,,,,
13,Y10,IOB_X0Y29,IO_L10N_T1_13,134.578,135.930,,,,,,,,,,,,,,,,,,,
13,AA9,IOB_X0Y28,IO_L11P_T1_SRCC_13,117.513,118.695,,,,,,,,,,,,,,,,,,,
13,AA8,IOB_X0Y27,IO_L11N_T1_SRCC_13,112.870,114.004,,,,,,,,,,,,,,,,,,,
13,Y9,IOB_X0Y26,IO_L12P_T1_MRCC_13,85.640,86.500,,,,,,,,,,,,,,,,,,,
13,Y8,IOB_X0Y25,IO_L12N_T1_MRCC_13,93.530,94.470,,,,,,,,,,,,,,,,,,,
13,Y6,IOB_X0Y24,IO_L13P_T2_MRCC_13,79.772,80.574,,,,,,,,,,,,,,,,,,,
13,Y5,IOB_X0Y23,IO_L13N_T2_MRCC_13,74.503,75.252,,,,,,,,,,,,,,,,,,,
13,AA7,IOB_X0Y22,IO_L14P_T2_SRCC_13,96.839,97.812,,,,,,,,,,,,,,,,,,,
13,AA6,IOB_X0Y21,IO_L14N_T2_SRCC_13,89.980,90.884,,,,,,,,,,,,,,,,,,,
13,AB2,IOB_X0Y20,IO_L15P_T2_DQS_13,98.843,99.836,,,,,,,,,,,,,,,,,,,
13,AB1,IOB_X0Y19,IO_L15N_T2_DQS_13,113.514,114.654,,,,,,,,,,,,,,,,,,,
13,AB5,IOB_X0Y18,IO_L16P_T2_13,76.105,76.870,,,,,,,,,,,,,,,,,,,
13,AB4,IOB_X0Y17,IO_L16N_T2_13,76.897,77.670,,,,,,,,,,,,,,,,,,,
13,AB7,IOB_X0Y16,IO_L17P_T2_13,90.318,91.226,,,,,,,,,,,,,,,,,,,
13,AB6,IOB_X0Y15,IO_L17N_T2_13,81.889,82.712,,,,,,,,,,,,,,,,,,,
13,Y4,IOB_X0Y14,IO_L18P_T2_13,55.102,55.655,,,,,,,,,,,,,,,,,,,
13,AA4,IOB_X0Y13,IO_L18N_T2_13,74.203,74.949,,,,,,,,,,,,,,,,,,,
13,R6,IOB_X0Y12,IO_L19P_T3_13,66.198,66.864,,,,,,,,,,,,,,,,,,,
13,T6,IOB_X0Y11,IO_L19N_T3_VREF_13,24.813,25.062,,,,,,,,,,,,,,,,,,,
13,T4,IOB_X0Y10,IO_L20P_T3_13,62.589,63.218,,,,,,,,,,,,,,,,,,,
13,U4,IOB_X0Y9,IO_L20N_T3_13,36.010,36.372,,,,,,,,,,,,,,,,,,,
13,V5,IOB_X0Y8,IO_L21P_T3_DQS_13,31.265,31.579,,,,,,,,,,,,,,,,,,,
13,V4,IOB_X0Y7,IO_L21N_T3_DQS_13,35.400,35.756,,,,,,,,,,,,,,,,,,,
13,U6,IOB_X0Y6,IO_L22P_T3_13,27.573,27.850,,,,,,,,,,,,,,,,,,,
13,U5,IOB_X0Y5,IO_L22N_T3_13,27.554,27.831,,,,,,,,,,,,,,,,,,,
13,V7,IOB_X0Y4,IO_L23P_T3_13,32.808,33.138,,,,,,,,,,,,,,,,,,,
13,W7,IOB_X0Y3,IO_L23N_T3_13,36.404,36.770,,,,,,,,,,,,,,,,,,,
13,W6,IOB_X0Y2,IO_L24P_T3_13,46.056,46.519,,,,,,,,,,,,,,,,,,,
13,W5,IOB_X0Y1,IO_L24N_T3_13,46.122,46.586,,,,,,,,,,,,,,,,,,,
13,U7,IOB_X0Y0,IO_25_13,25.615,25.872,,,,,,,,,,,,,,,,,,,
13,AA10,,VCCO_13,,,,,,,,,,,,,,,,,,,,VCCO_13,
13,AB3,,VCCO_13,,,,,,,,,,,,,,,,,,,,VCCO_13,
13,T5,,VCCO_13,,,,,,,,,,,,,,,,,,,,VCCO_13,
13,U8,,VCCO_13,,,,,,,,,,,,,,,,,,,,VCCO_13,
13,V11,,VCCO_13,,,,,,,,,,,,,,,,,,,,VCCO_13,
13,W4,,VCCO_13,,,,,,,,,,,,,,,,,,,,VCCO_13,
13,Y7,,VCCO_13,,,,,,,,,,,,,,,,,,,,VCCO_13,
33,W20,IOB_X1Y42,IO_L4P_T0_33,88.735,89.627,,,,,,,,,,,,,,,,,,,
33,W21,IOB_X1Y41,IO_L4N_T0_33,75.690,76.450,,,,,,,,,,,,,,,,,,,
33,U20,IOB_X1Y40,IO_L5P_T0_33,55.610,56.169,,,,,,,,,,,,,,,,,,,
33,V20,IOB_X1Y39,IO_L5N_T0_33,78.083,78.868,,,,,,,,,,,,,,,,,,,
33,V18,IOB_X1Y38,IO_L6P_T0_33,69.334,70.031,,,,,,,,,,,,,,,,,,,
33,V19,IOB_X1Y37,IO_L6N_T0_VREF_33,51.379,51.895,,,,,,,,,,,,,,,,,,,
33,AA22,IOB_X1Y36,IO_L7P_T1_33,87.323,88.201,,,,,,,,,,,,,,,,,,,
33,AB22,IOB_X1Y35,IO_L7N_T1_33,96.876,97.850,,,,,,,,,,,,,,,,,,,
33,AA21,IOB_X1Y34,IO_L8P_T1_33,87.365,88.243,,,,,,,,,,,,,,,,,,,
33,AB21,IOB_X1Y33,IO_L8N_T1_33,98.635,99.626,,,,,,,,,,,,,,,,,,,
33,Y20,IOB_X1Y32,IO_L9P_T1_DQS_33,71.430,72.148,,,,,,,,,,,,,,,,,,,
33,Y21,IOB_X1Y31,IO_L9N_T1_DQS_33,72.715,73.446,,,,,,,,,,,,,,,,,,,
33,AB19,IOB_X1Y30,IO_L10P_T1_33,77.070,77.845,,,,,,,,,,,,,,,,,,,
33,AB20,IOB_X1Y29,IO_L10N_T1_33,87.719,88.601,,,,,,,,,,,,,,,,,,,
33,Y19,IOB_X1Y28,IO_L11P_T1_SRCC_33,93.835,94.778,,,,,,,,,,,,,,,,,,,
33,AA19,IOB_X1Y27,IO_L11N_T1_SRCC_33,81.515,82.334,,,,,,,,,,,,,,,,,,,
33,Y18,IOB_X1Y26,IO_L12P_T1_MRCC_33,78.944,79.738,,,,,,,,,,,,,,,,,,,
33,AA18,IOB_X1Y25,IO_L12N_T1_MRCC_33,75.810,76.572,,,,,,,,,,,,,,,,,,,
33,W17,IOB_X1Y24,IO_L13P_T2_MRCC_33,79.487,80.285,,,,,,,,,,,,,,,,,,,
33,W18,IOB_X1Y23,IO_L13N_T2_MRCC_33,69.848,70.550,,,,,,,,,,,,,,,,,,,
33,W16,IOB_X1Y22,IO_L14P_T2_SRCC_33,120.115,121.323,,,,,,,,,,,,,,,,,,,
33,Y16,IOB_X1Y21,IO_L14N_T2_SRCC_33,109.503,110.603,,,,,,,,,,,,,,,,,,,
33,U15,IOB_X1Y20,IO_L15P_T2_DQS_33,71.834,72.556,,,,,,,,,,,,,,,,,,,
33,U16,IOB_X1Y19,IO_L15N_T2_DQS_33,65.350,66.007,,,,,,,,,,,,,,,,,,,
33,U17,IOB_X1Y18,IO_L16P_T2_33,55.727,56.287,,,,,,,,,,,,,,,,,,,
33,V17,IOB_X1Y17,IO_L16N_T2_33,46.575,47.043,,,,,,,,,,,,,,,,,,,
33,AA17,IOB_X1Y16,IO_L17P_T2_33,79.434,80.232,,,,,,,,,,,,,,,,,,,
33,AB17,IOB_X1Y15,IO_L17N_T2_33,76.356,77.124,,,,,,,,,,,,,,,,,,,
33,AA16,IOB_X1Y14,IO_L18P_T2_33,70.779,71.490,,,,,,,,,,,,,,,,,,,
33,AB16,IOB_X1Y13,IO_L18N_T2_33,84.970,85.824,,,,,,,,,,,,,,,,,,,
33,V14,IOB_X1Y12,IO_L19P_T3_33,74.097,74.842,,,,,,,,,,,,,,,,,,,
33,V15,IOB_X1Y11,IO_L19N_T3_VREF_33,58.589,59.178,,,,,,,,,,,,,,,,,,,
33,V13,IOB_X1Y10,IO_L20P_T3_33,85.132,85.988,,,,,,,,,,,,,,,,,,,
33,W13,IOB_X1Y9,IO_L20N_T3_33,80.383,81.191,,,,,,,,,,,,,,,,,,,
33,W15,IOB_X1Y8,IO_L21P_T3_DQS_33,86.763,87.635,,,,,,,,,,,,,,,,,,,
33,Y15,IOB_X1Y7,IO_L21N_T3_DQS_33,84.299,85.147,,,,,,,,,,,,,,,,,,,
33,Y14,IOB_X1Y6,IO_L22P_T3_33,80.311,81.118,,,,,,,,,,,,,,,,,,,
33,AA14,IOB_X1Y5,IO_L22N_T3_33,74.667,75.417,,,,,,,,,,,,,,,,,,,
33,Y13,IOB_X1Y4,IO_L23P_T3_33,66.442,67.109,,,,,,,,,,,,,,,,,,,
33,AA13,IOB_X1Y3,IO_L23N_T3_33,64.922,65.575,,,,,,,,,,,,,,,,,,,
33,AB14,IOB_X1Y2,IO_L24P_T3_33,76.920,77.693,,,,,,,,,,,,,,,,,,,
33,AB15,IOB_X1Y1,IO_L24N_T3_33,68.270,68.956,,,,,,,,,,,,,,,,,,,
33,AA20,,VCCO_33,,,,,,,,,,,,,,,,,,,,VCCO_33,3.30
33,AB13,,VCCO_33,,,,,,,,,,,,,,,,,,,,VCCO_33,3.30
33,U18,,VCCO_33,,,,,,,,,,,,,,,,,,,,VCCO_33,3.30
33,V21,,VCCO_33,,,,,,,,,,,,,,,,,,,,VCCO_33,3.30
33,W14,,VCCO_33,,,,,,,,,,,,,,,,,,,,VCCO_33,3.30
33,Y17,,VCCO_33,,,,,,,,,,,,,,,,,,,,VCCO_33,3.30
34,H15,IOB_X1Y99,IO_0_34,60.665,61.275,,,,,,,,,,,,,,,,,,,
34,J15,IOB_X1Y98,IO_L1P_T0_34,66.511,67.180,,,,,,,,,,,,,,,,,,,
34,K15,IOB_X1Y97,IO_L1N_T0_34,71.678,72.398,,,,,,,,,,,,,,,,,,,
34,J16,IOB_X1Y96,IO_L2P_T0_34,89.134,90.030,,,,,,,,,,,,,,,,,,,
34,J17,IOB_X1Y95,IO_L2N_T0_34,42.597,43.025,,,,,,,,,,,,,,,,,,,
34,K16,IOB_X1Y94,IO_L3P_T0_DQS_PUDC_B_34,69.678,70.378,,,,,,,,,,,,,,,,,,,
34,L16,IOB_X1Y93,IO_L3N_T0_DQS_34,57.712,58.292,,,,,,,,,,,,,,,,,,,
34,L17,IOB_X1Y92,IO_L4P_T0_34,105.123,106.179,,,,,,,,,,,,,,,,,,,
34,M17,IOB_X1Y91,IO_L4N_T0_34,117.789,118.973,,,,,,,,,,,,,,,,,,,
34,N17,IOB_X1Y90,IO_L5P_T0_34,133.611,134.953,,,,,,,,,,,,,,,,,,,
34,N18,IOB_X1Y89,IO_L5N_T0_34,116.458,117.628,,,,,,,,,,,,,,,,,,,
34,M16,IOB_X1Y87,IO_L6N_T0_VREF_34,39.374,39.770,,,,,,,,,,,,,,,,,,,
34,J18,IOB_X1Y86,IO_L7P_T1_34,58.039,58.622,,,,,,,,,,,,,,,,,,,
34,K18,IOB_X1Y85,IO_L7N_T1_34,50.578,51.087,,,,,,,,,,,,,,,,,,,
34,J21,IOB_X1Y84,IO_L8P_T1_34,51.588,52.107,,,,,,,,,,,,,,,,,,,
34,J22,IOB_X1Y83,IO_L8N_T1_34,67.713,68.393,,,,,,,,,,,,,,,,,,,
34,J20,IOB_X1Y82,IO_L9P_T1_DQS_34,49.633,50.132,,,,,,,,,,,,,,,,,,,
34,K21,IOB_X1Y81,IO_L9N_T1_DQS_34,48.891,49.382,,,,,,,,,,,,,,,,,,,
34,L21,IOB_X1Y80,IO_L10P_T1_34,36.871,37.241,,,,,,,,,,,,,,,,,,,
34,L22,IOB_X1Y79,IO_L10N_T1_34,46.326,46.791,,,,,,,,,,,,,,,,,,,
34,K19,IOB_X1Y78,IO_L11P_T1_SRCC_34,48.268,48.754,,,,,,,,,,,,,,,,,,,
34,K20,IOB_X1Y77,IO_L11N_T1_SRCC_34,43.414,43.850,,,,,,,,,,,,,,,,,,,
34,L18,IOB_X1Y76,IO_L12P_T1_MRCC_34,42.393,42.819,,,,,,,,,,,,,,,,,,,
34,L19,IOB_X1Y75,IO_L12N_T1_MRCC_34,53.310,53.846,,,,,,,,,,,,,,,,,,,
34,M19,IOB_X1Y74,IO_L13P_T2_MRCC_34,32.177,32.500,,,,,,,,,,,,,,,,,,,
34,M20,IOB_X1Y73,IO_L13N_T2_MRCC_34,37.447,37.823,,,,,,,,,,,,,,,,,,,
34,N19,IOB_X1Y72,IO_L14P_T2_SRCC_34,61.926,62.549,,,,,,,,,,,,,,,,,,,
34,N20,IOB_X1Y71,IO_L14N_T2_SRCC_34,39.371,39.767,,,,,,,,,,,,,,,,,,,
34,M21,IOB_X1Y70,IO_L15P_T2_DQS_34,55.004,55.557,,,,,,,,,,,,,,,,,,,
34,M22,IOB_X1Y69,IO_L15N_T2_DQS_34,60.211,60.816,,,,,,,,,,,,,,,,,,,
34,N22,IOB_X1Y68,IO_L16P_T2_34,60.707,61.317,,,,,,,,,,,,,,,,,,,
34,P22,IOB_X1Y67,IO_L16N_T2_34,61.655,62.275,,,,,,,,,,,,,,,,,,,
34,R20,IOB_X1Y66,IO_L17P_T2_34,93.689,94.631,,,,,,,,,,,,,,,,,,,
34,R21,IOB_X1Y65,IO_L17N_T2_34,84.936,85.790,,,,,,,,,,,,,,,,,,,
34,P20,IOB_X1Y64,IO_L18P_T2_34,75.140,75.895,,,,,,,,,,,,,,,,,,,
34,P21,IOB_X1Y63,IO_L18N_T2_34,60.796,61.407,,,,,,,,,,,,,,,,,,,
34,P15,IOB_X1Y61,IO_L19N_T3_VREF_34,44.468,44.915,,,,,,,,,,,,,,,,,,,
34,P17,IOB_X1Y60,IO_L20P_T3_34,90.020,90.924,,,,,,,,,,,,,,,,,,,
34,P18,IOB_X1Y59,IO_L20N_T3_34,46.770,47.240,,,,,,,,,,,,,,,,,,,
34,T16,IOB_X1Y58,IO_L21P_T3_DQS_34,128.338,129.628,,,,,,,,,,,,,,,,,,,
34,T17,IOB_X1Y57,IO_L21N_T3_DQS_34,122.135,123.363,,,,,,,,,,,,,,,,,,,
34,R19,IOB_X1Y56,IO_L22P_T3_34,62.309,62.936,,,,,,,,,,,,,,,,,,,
34,T19,IOB_X1Y55,IO_L22N_T3_34,65.142,65.797,,,,,,,,,,,,,,,,,,,
34,R15,IOB_X1Y50,IO_25_34,53.787,54.328,,,,,,,,,,,,,,,,,,,
34,K17,,VCCO_34,,,,,,,,,,,,,,,,,,,,VCCO_34,2.50
34,L20,,VCCO_34,,,,,,,,,,,,,,,,,,,,VCCO_34,2.50
34,N16,,VCCO_34,,,,,,,,,,,,,,,,,,,,VCCO_34,2.50
34,P19,,VCCO_34,,,,,,,,,,,,,,,,,,,,VCCO_34,2.50
34,R22,,VCCO_34,,,,,,,,,,,,,,,,,,,,VCCO_34,2.50
34,T15,,VCCO_34,,,,,,,,,,,,,,,,,,,,VCCO_34,2.50
35,F16,IOB_X1Y148,IO_L1P_T0_AD0P_35,54.373,54.920,,,,,,,,,,,,,,,,,,,
35,E16,IOB_X1Y147,IO_L1N_T0_AD0N_35,34.619,34.967,,,,,,,,,,,,,,,,,,,
35,D16,IOB_X1Y146,IO_L2P_T0_AD8P_35,43.745,44.185,,,,,,,,,,,,,,,,,,,
35,D17,IOB_X1Y145,IO_L2N_T0_AD8N_35,32.968,33.299,,,,,,,,,,,,,,,,,,,
35,E15,IOB_X1Y144,IO_L3P_T0_DQS_AD1P_35,79.846,80.649,,,,,,,,,,,,,,,,,,,
35,D15,IOB_X1Y143,IO_L3N_T0_DQS_AD1N_35,77.789,78.571,,,,,,,,,,,,,,,,,,,
35,G15,IOB_X1Y142,IO_L4P_T0_35,66.398,67.065,,,,,,,,,,,,,,,,,,,
35,G16,IOB_X1Y141,IO_L4N_T0_35,59.666,60.266,,,,,,,,,,,,,,,,,,,
35,F18,IOB_X1Y140,IO_L5P_T0_AD9P_35,31.794,32.114,,,,,,,,,,,,,,,,,,,
35,E18,IOB_X1Y139,IO_L5N_T0_AD9N_35,37.417,37.794,,,,,,,,,,,,,,,,,,,
35,G17,IOB_X1Y138,IO_L6P_T0_35,48.737,49.227,,,,,,,,,,,,,,,,,,,
35,F17,IOB_X1Y137,IO_L6N_T0_VREF_35,38.752,39.141,,,,,,,,,,,,,,,,,,,
35,C15,IOB_X1Y136,IO_L7P_T1_AD2P_35,73.081,73.815,,,,,,,,,,,,,,,,,,,
35,B15,IOB_X1Y135,IO_L7N_T1_AD2N_35,76.800,77.572,,,,,,,,,,,,,,,,,,,
35,B16,IOB_X1Y134,IO_L8P_T1_AD10P_35,77.420,78.198,,,,,,,,,,,,,,,,,,,
35,B17,IOB_X1Y133,IO_L8N_T1_AD10N_35,78.762,79.554,,,,,,,,,,,,,,,,,,,
35,A16,IOB_X1Y132,IO_L9P_T1_DQS_AD3P_35,85.958,86.822,,,,,,,,,,,,,,,,,,,
35,A17,IOB_X1Y131,IO_L9N_T1_DQS_AD3N_35,84.744,85.596,,,,,,,,,,,,,,,,,,,
35,A18,IOB_X1Y130,IO_L10P_T1_AD11P_35,73.627,74.367,,,,,,,,,,,,,,,,,,,
35,A19,IOB_X1Y129,IO_L10N_T1_AD11N_35,74.680,75.430,,,,,,,,,,,,,,,,,,,
35,C17,IOB_X1Y128,IO_L11P_T1_SRCC_35,77.366,78.144,,,,,,,,,,,,,,,,,,,
35,C18,IOB_X1Y127,IO_L11N_T1_SRCC_35,71.354,72.071,,,,,,,,,,,,,,,,,,,
35,D18,IOB_X1Y126,IO_L12P_T1_MRCC_35,105.563,106.623,,,,,,,,,,,,,,,,,,,
35,C19,IOB_X1Y125,IO_L12N_T1_MRCC_35,100.751,101.763,,,,,,,,,,,,,,,,,,,
35,B19,IOB_X1Y124,IO_L13P_T2_MRCC_35,71.816,72.537,,,,,,,,,,,,,,,,,,,
35,B20,IOB_X1Y123,IO_L13N_T2_MRCC_35,79.625,80.425,,,,,,,,,,,,,,,,,,,
35,D20,IOB_X1Y122,IO_L14P_T2_AD4P_SRCC_35,74.638,75.388,,,,,,,,,,,,,,,,,,,
35,C20,IOB_X1Y121,IO_L14N_T2_AD4N_SRCC_35,66.742,67.413,,,,,,,,,,,,,,,,,,,
35,A21,IOB_X1Y120,IO_L15P_T2_DQS_AD12P_35,89.059,89.954,,,,,,,,,,,,,,,,,,,
35,A22,IOB_X1Y119,IO_L15N_T2_DQS_AD12N_35,91.105,92.021,,,,,,,,,,,,,,,,,,,
35,D22,IOB_X1Y118,IO_L16P_T2_35,80.091,80.895,,,,,,,,,,,,,,,,,,,
35,C22,IOB_X1Y117,IO_L16N_T2_35,87.380,88.259,,,,,,,,,,,,,,,,,,,
35,E21,IOB_X1Y116,IO_L17P_T2_AD5P_35,74.578,75.328,,,,,,,,,,,,,,,,,,,
35,D21,IOB_X1Y115,IO_L17N_T2_AD5N_35,81.147,81.963,,,,,,,,,,,,,,,,,,,
35,B21,IOB_X1Y114,IO_L18P_T2_AD13P_35,98.581,99.572,,,,,,,,,,,,,,,,,,,
35,B22,IOB_X1Y113,IO_L18N_T2_AD13N_35,93.955,94.900,,,,,,,,,,,,,,,,,,,
35,H20,IOB_X1Y111,IO_L19N_T3_VREF_35,42.631,43.059,,,,,,,,,,,,,,,,,,,
35,G19,IOB_X1Y110,IO_L20P_T3_AD6P_35,39.914,40.315,,,,,,,,,,,,,,,,,,,
35,F19,IOB_X1Y109,IO_L20N_T3_AD6N_35,56.854,57.426,,,,,,,,,,,,,,,,,,,
35,E19,IOB_X1Y108,IO_L21P_T3_DQS_AD14P_35,101.889,102.913,,,,,,,,,,,,,,,,,,,
35,E20,IOB_X1Y107,IO_L21N_T3_DQS_AD14N_35,97.635,98.617,,,,,,,,,,,,,,,,,,,
35,G20,IOB_X1Y106,IO_L22P_T3_AD7P_35,50.417,50.924,,,,,,,,,,,,,,,,,,,
35,G21,IOB_X1Y105,IO_L22N_T3_AD7N_35,54.009,54.552,,,,,,,,,,,,,,,,,,,
35,A20,,VCCO_35,,,,,,,,,,,,,,,,,,,,VCCO_35,2.50
35,C16,,VCCO_35,,,,,,,,,,,,,,,,,,,,VCCO_35,2.50
35,D19,,VCCO_35,,,,,,,,,,,,,,,,,,,,VCCO_35,2.50
35,E22,,VCCO_35,,,,,,,,,,,,,,,,,,,,VCCO_35,2.50
35,F15,,VCCO_35,,,,,,,,,,,,,,,,,,,,VCCO_35,2.50
35,G18,,VCCO_35,,,,,,,,,,,,,,,,,,,,VCCO_35,2.50
35,H21,,VCCO_35,,,,,,,,,,,,,,,,,,,,VCCO_35,2.50
500,B3,,VCCO_MIO0_500,,,,,,,,,,,,,,,,,,,,,
500,C6,,VCCO_MIO0_500,,,,,,,,,,,,,,,,,,,,,
501,F8,,PS_MIO_VREF_501,18.084,18.265,,,,,,,,,,,,,,,,,,,
501,A10,,VCCO_MIO1_501,,,,,,,,,,,,,,,,,,,,,
501,B13,,VCCO_MIO1_501,,,,,,,,,,,,,,,,,,,,,
501,D9,,VCCO_MIO1_501,,,,,,,,,,,,,,,,,,,,,
501,E12,,VCCO_MIO1_501,,,,,,,,,,,,,,,,,,,,,
502,E2,,VCCO_DDR_502,,,,,,,,,,,,,,,,,,,,,
502,F5,,VCCO_DDR_502,,,,,,,,,,,,,,,,,,,,,
502,H1,,VCCO_DDR_502,,,,,,,,,,,,,,,,,,,,,
502,J4,,VCCO_DDR_502,,,,,,,,,,,,,,,,,,,,,
502,K7,,VCCO_DDR_502,,,,,,,,,,,,,,,,,,,,,
502,M3,,VCCO_DDR_502,,,,,,,,,,,,,,,,,,,,,
502,N6,,VCCO_DDR_502,,,,,,,,,,,,,,,,,,,,,
502,R2,,VCCO_DDR_502,,,,,,,,,,,,,,,,,,,,,
502,V1,,VCCO_DDR_502,,,,,,,,,,,,,,,,,,,,,
502,H7,,PS_DDR_VREF0_502,33.218,33.551,,,,,,,,,,,,,,,,,,,
502,P7,,PS_DDR_VREF1_502,47.490,47.967,,,,,,,,,,,,,,,,,,,
,G10,,RSVDGND,75.600,76.360,,,,,,,,,,,,,,,,,,,
,T10,,RSVDVCC3,70.466,71.174,,,,,,,,,,,,,,,,,,,
,T8,,RSVDVCC2,103.161,104.197,,,,,,,,,,,,,,,,,,,
,T7,,RSVDVCC1,71.232,71.948,,,,,,,,,,,,,,,,,,,
,A5,,GND,,,,,,,,,,,,,,,,,,,,GND,GND
,A15,,GND,,,,,,,,,,,,,,,,,,,,GND,GND
,AA5,,GND,,,,,,,,,,,,,,,,,,,,GND,GND
,AA15,,GND,,,,,,,,,,,,,,,,,,,,GND,GND
,AB8,,GND,,,,,,,,,,,,,,,,,,,,GND,GND
,AB18,,GND,,,,,,,,,,,,,,,,,,,,GND,GND
,B8,,GND,,,,,,,,,,,,,,,,,,,,GND,GND
,B18,,GND,,,,,,,,,,,,,,,,,,,,GND,GND
,C1,,GND,,,,,,,,,,,,,,,,,,,,GND,GND
,C11,,GND,,,,,,,,,,,,,,,,,,,,GND,GND
,C21,,GND,,,,,,,,,,,,,,,,,,,,GND,GND
,D4,,GND,,,,,,,,,,,,,,,,,,,,GND,GND
,D14,,GND,,,,,,,,,,,,,,,,,,,,GND,GND
,E7,,GND,,,,,,,,,,,,,,,,,,,,GND,GND
,E17,,GND,,,,,,,,,,,,,,,,,,,,GND,GND
,F10,,GND,,,,,,,,,,,,,,,,,,,,GND,GND
,F20,,GND,,,,,,,,,,,,,,,,,,,,GND,GND
,G3,,GND,,,,,,,,,,,,,,,,,,,,GND,GND
,H6,,GND,,,,,,,,,,,,,,,,,,,,GND,GND
,H8,,GND,,,,,,,,,,,,,,,,,,,,GND,GND
,H12,,GND,,,,,,,,,,,,,,,,,,,,GND,GND
,H14,,GND,,,,,,,,,,,,,,,,,,,,GND,GND
,H16,,GND,,,,,,,,,,,,,,,,,,,,GND,GND
,J9,,GND,,,,,,,,,,,,,,,,,,,,GND,GND
,J11,,GND,,,,,,,,,,,,,,,,,,,,GND,GND
,J13,,GND,,,,,,,,,,,,,,,,,,,,GND,GND
,J19,,GND,,,,,,,,,,,,,,,,,,,,GND,GND
,K2,,GND,,,,,,,,,,,,,,,,,,,,GND,GND
,K8,,GND,,,,,,,,,,,,,,,,,,,,GND,GND
,K10,,GND,,,,,,,,,,,,,,,,,,,,GND,GND
,K14,,GND,,,,,,,,,,,,,,,,,,,,GND,GND
,K22,,GND,,,,,,,,,,,,,,,,,,,,GND,GND
,L5,,GND,,,,,,,,,,,,,,,,,,,,GND,GND
,L9,,GND,,,,,,,,,,,,,,,,,,,,GND,GND
,L13,,GND,,,,,,,,,,,,,,,,,,,,GND,GND
,L15,,GND,,,,,,,,,,,,,,,,,,,,GND,GND
,M8,,GND,,,,,,,,,,,,,,,,,,,,GND,GND
,M10,,GND,,,,,,,,,,,,,,,,,,,,GND,GND
,M14,,GND,,,,,,,,,,,,,,,,,,,,GND,GND
,M18,,GND,,,,,,,,,,,,,,,,,,,,GND,GND
,N1,,GND,,,,,,,,,,,,,,,,,,,,GND,GND
,N9,,GND,,,,,,,,,,,,,,,,,,,,GND,GND
,N13,,GND,,,,,,,,,,,,,,,,,,,,GND,GND
,N21,,GND,,,,,,,,,,,,,,,,,,,,GND,GND
,P4,,GND,,,,,,,,,,,,,,,,,,,,GND,GND
,P8,,GND,,,,,,,,,,,,,,,,,,,,GND,GND
,P10,,GND,,,,,,,,,,,,,,,,,,,,GND,GND
,P12,,GND,,,,,,,,,,,,,,,,,,,,GND,GND
,P14,,GND,,,,,,,,,,,,,,,,,,,,GND,GND
,R9,,GND,,,,,,,,,,,,,,,,,,,,GND,GND
,R11,,GND,,,,,,,,,,,,,,,,,,,,GND,GND
,R13,,GND,,,,,,,,,,,,,,,,,,,,GND,GND
,R17,,GND,,,,,,,,,,,,,,,,,,,,GND,GND
,T20,,GND,,,,,,,,,,,,,,,,,,,,GND,GND
,U3,,GND,,,,,,,,,,,,,,,,,,,,GND,GND
,U13,,GND,,,,,,,,,,,,,,,,,,,,GND,GND
,V6,,GND,,,,,,,,,,,,,,,,,,,,GND,GND
,V16,,GND,,,,,,,,,,,,,,,,,,,,GND,GND
,W9,,GND,,,,,,,,,,,,,,,,,,,,GND,GND
,W19,,GND,,,,,,,,,,,,,,,,,,,,GND,GND
,Y2,,GND,,,,,,,,,,,,,,,,,,,,GND,GND
,Y12,,GND,,,,,,,,,,,,,,,,,,,,GND,GND
,Y22,,GND,,,,,,,,,,,,,,,,,,,,GND,GND
,J12,,VCCINT,,,,,,,,,,,,,,,,,,,,,
,J14,,VCCINT,,,,,,,,,,,,,,,,,,,,,
,K13,,VCCINT,,,,,,,,,,,,,,,,,,,,,
,L14,,VCCINT,,,,,,,,,,,,,,,,,,,,,
,M13,,VCCINT,,,,,,,,,,,,,,,,,,,,,
,N14,,VCCINT,,,,,,,,,,,,,,,,,,,,,
,P13,,VCCINT,,,,,,,,,,,,,,,,,,,,,
,R14,,VCCINT,,,,,,,,,,,,,,,,,,,,,
,L10,,VCCAUX,,,,,,,,,,,,,,,,,,,,VCCAUX,1.80
,N10,,VCCAUX,,,,,,,,,,,,,,,,,,,,VCCAUX,1.80
,P11,,VCCAUX,,,,,,,,,,,,,,,,,,,,VCCAUX,1.80
,R10,,VCCAUX,,,,,,,,,,,,,,,,,,,,VCCAUX,1.80
,H11,,VCCBRAM,,,,,,,,,,,,,,,,,,,,,
,J10,,VCCBRAM,,,,,,,,,,,,,,,,,,,,,
,H10,,VCCPLL,38.249,38.633,,,,,,,,,,,,,,,,,,,
,K9,,VCCPAUX,,,,,,,,,,,,,,,,,,,,,
,M9,,VCCPAUX,,,,,,,,,,,,,,,,,,,,,
,P9,,VCCPAUX,,,,,,,,,,,,,,,,,,,,,
,T9,,VCCPAUX,,,,,,,,,,,,,,,,,,,,,
,G8,,VCCPINT,,,,,,,,,,,,,,,,,,,,,
,H9,,VCCPINT,,,,,,,,,,,,,,,,,,,,,
,J8,,VCCPINT,,,,,,,,,,,,,,,,,,,,,
,L8,,VCCPINT,,,,,,,,,,,,,,,,,,,,,
,N8,,VCCPINT,,,,,,,,,,,,,,,,,,,,,
,R8,,VCCPINT,,,,,,,,,,,,,,,,,,,,,
